{
  "vault_address": "0xBEEF01735c132Ada46AA9aA4c54623cAA92A64CB",
  "block": 0,
  "timestamp": 0,
  "loan_symbol": "USDC",
  "loan_decimals": 6,
  "total_assets_loan_units": 95164996375187,
  "total_assets_human": "95.16M USDC",
  "hhi": 0.17956229746795832,
  "top1_share": 0.36522385998186113,
  "n_markets": 9,
  "n_borrowers": 1000,
  "borrower_debt_coverage": 0.9999349611678268,
  "detectors": [
    {
      "name": "OracleFreezeReplay",
      "headline_metric": 0.0,
      "headline_unit": "fraction_bad_debt",
      "interpretation": "If the oracle freezes while collateral drifts -10%, 0.0% of outstanding debt (0 positions) crosses the bad-debt frontier - LTV > 0.952 at LIF 5% - meaning seized collateral could not cover debt-plus-incentive even once the oracle updates.",
      "evidence": {
        "drift_pct": -0.1,
        "bad_debt_lif": 0.05,
        "bad_debt_frontier_ltv": 0.9523809523809523,
        "bad_debt_assets": 0,
        "total_debt_assets": 403297072885694,
        "bad_debt_positions": 0,
        "per_market": {}
      }
    },
    {
      "name": "CollateralCascade",
      "headline_metric": 0.07038035347854085,
      "headline_unit": "fraction_liquidatable_debt",
      "interpretation": "At a -20% collateral shock, 7.0% of debt becomes liquidatable; liquidity gap (debt minus idle supply) is 4,114,856,771,469 loan-asset units across affected markets.",
      "evidence": {
        "shock_pct": -0.2,
        "liquidatable_debt_assets": 28384190546556,
        "total_debt_assets": 403297072885694,
        "liquidity_gap": 4114856771469,
        "per_market": {
          "0x3a85e619751152991742810df6ec69ce473daef99e28a64ab2340d7b7ccfee49": {
            "liquidatable_debt": 22239942898605,
            "available_liquidity": 18329937197356,
            "liquidity_gap": 3910005701249
          },
          "0x64d65c9a2d91c36d56fbc42d69e979335320169b3df63bf92789e2c8883fcc64": {
            "liquidatable_debt": 4645055500367,
            "available_liquidity": 40592867453662,
            "liquidity_gap": 0
          },
          "0x7e585a933ffe8443c371b4f8cfeb4430f5f6a14c2f32a898c26662c67a1cb8b8": {
            "liquidatable_debt": 549704719540,
            "available_liquidity": 698400911669,
            "liquidity_gap": 0
          },
          "0xb323495f7e4148be5643a4ea4a8221eef163e4bccfdedc2a6f4696baacbc86cc": {
            "liquidatable_debt": 600697959211,
            "available_liquidity": 4281311662707,
            "liquidity_gap": 0
          },
          "0xc498f4bfdda99e60ea8eb04c1e145654a70bc59da76ef9c6ed54a1314d78e5b5": {
            "liquidatable_debt": 265153927220,
            "available_liquidity": 75899091000,
            "liquidity_gap": 189254836220
          },
          "0x94b823e6bd8ea533b4e33fbc307faea0b307301bc48763acc4d4aa4def7636cd": {
            "liquidatable_debt": 56023159946,
            "available_liquidity": 511028915520,
            "liquidity_gap": 0
          },
          "0xbc99de6a88904cd0e69042ad6f266e63182801f030c636507c3caf590ffd84fe": {
            "liquidatable_debt": 27612381667,
            "available_liquidity": 12016147667,
            "liquidity_gap": 15596234000
          }
        }
      }
    },
    {
      "name": "DepositorExitShock",
      "headline_metric": 0.0,
      "headline_unit": "fraction_rationed",
      "interpretation": "If top-1 depositor(s) exit, demand is 34,756,527,311,305 vs idle supply 65,655,038,477,157 -> 0.0% would be queue-rationed until borrowers repay.",
      "evidence": {
        "top_n": 1,
        "exit_demand_loan_assets": 34756527311305,
        "idle_supply_loan_assets": 65655038477157,
        "rationing_gap": 0,
        "hhi": 0.17956229746795832
      }
    },
    {
      "name": "UtilizationInversion",
      "headline_metric": 0.0,
      "headline_unit": "fraction_markets_above_target",
      "interpretation": "0 / 9 markets are above the 92% utilization band - IRM curves enter the steep regime; depositor withdrawal pressure compounds.",
      "evidence": {
        "target_util_max": 0.92,
        "breached_markets": []
      }
    },
    {
      "name": "LiquidationLatency",
      "headline_metric": 2.8775093210976926e-05,
      "headline_unit": "fraction_unprofitable_to_liquidate",
      "interpretation": "At 30 gwei and ETH $3500, liquidation cost is ~$36.75; 0.0% of debt sits in 18 positions where liquidator profit (debt \u00d7 5%) is below cost - these accrue bad-debt risk during oracle-shock windows.",
      "evidence": {
        "gas_price_gwei": 30.0,
        "eth_price_usd": 3500.0,
        "lif": 0.05,
        "loan_decimals": 6,
        "loan_price_usd": 1.0,
        "cost_per_liquidation_usd": 36.75,
        "unprofitable_positions": 18,
        "unprofitable_debt_assets": 11604910864,
        "total_debt_assets": 403297072885694
      }
    },
    {
      "name": "LTVDistributionStress",
      "headline_metric": 0.0,
      "headline_unit": "fraction_debt_within_5pp_of_lltv",
      "interpretation": "0.0% of outstanding debt sits within 5 percentage points of LLTV. Top-5% LTV avg: 75.71%. A small adverse oracle move would push this debt into liquidation.",
      "evidence": {
        "top_5pct_ltv_avg": 0.7571003304529894,
        "median_ltv": 0.5307008335231665,
        "n_positions": 1000,
        "near_lltv_debt": 0,
        "total_debt_assets": 403297072885694
      }
    }
  ]
}